frame_nmr,car_id,car_bbox,license_plate_bbox,license_plate_bbox_score,license_number,license_number_score
0,0,[51.36185836791992 174.72706604003906 500.8755187988281 425.85821533203125],[112.84270477294922 301.2809753417969 195.51055908203125 334.1074523925781],0.7470635175704956,246го7953,0.8796251714229584
