frame_nmr,car_id,car_bbox,license_plate_bbox,license_plate_bbox_score,license_number,license_number_score
0,0,[0 0 0 0],[275.7327575683594 569.21826171875 837.6097412109375 726.7158203125],0.6523647308349609,50ë‘8381,0.9998241662979126
